Performance,Base Model,Random Time Model,Random Time Model Plus
RMSE - Training Data (2014-2018),17.03666620193268,16.988576396146154,16.972249530991924
RMSE - Test Data (2019),17.98140616374822,17.955316765160948,17.960673937172274
RMSE - Overall,17.230576661723333,17.187112612410015,17.175342173148437
BIC,1002787.3119957453,1002431.5645555399,1002579.315517605
AIC,1002642.4224915954,1002248.0378502834,1002048.0540023888
